CompraID,ClienteID,ProductoID,Cantidad,Total
20.0,20.0,20.0,20.0,20.0
10.5,10.5,10.5,1.1,17275.0
5.916079783099616,5.916079783099616,5.916079783099616,0.3077935056255462,13846.408426584472
1.0,1.0,1.0,1.0,2000.0
5.75,5.75,5.75,1.0,7500.0
10.5,10.5,10.5,1.0,15000.0
15.25,15.25,15.25,1.0,20500.0
20.0,20.0,20.0,2.0,50000.0
