ProductoID,Precio
22.0,22.0
11.5,15840.90909090909
6.493586579592718,11939.71600088621
1.0,2000.0
6.25,6250.0
11.5,15000.0
16.75,21500.0
22.0,50000.0
