InteraccionID,ClienteID
22.0,22.0
11.5,9.681818181818182
6.493586579592718,6.2212107506066054
1.0,1.0
6.25,4.25
11.5,9.5
16.75,14.75
22.0,20.0
