ID,Teléfono
22.0,22.0
11.5,537514490.0454545
6.493586579592718,309331650.6433079
1.0,123456789.0
6.25,274141107.0
11.5,555555456.0
16.75,789372956.25
22.0,987654321.0
